country,year,arabica,consumption,exports,production,robusta,dominant_bean
Brazil,1960,29800,9001,16113,29800,0,Arabica
Brazil,1961,39600,13220,17412,39600,0,Arabica
Brazil,1962,28900,6741,16872,28900,0,Arabica
Brazil,1963,23200,9520,18869,23200,0,Arabica
Brazil,1964,11000,8131,12418,11000,0,Arabica
Brazil,1965,37700,8100,16521,37700,0,Arabica
Brazil,1966,21000,8620,16421,21000,0,Arabica
Brazil,1967,24500,8750,18964,24500,0,Arabica
Brazil,1968,17000,8750,19091,17000,0,Arabica
Brazil,1969,21000,8740,19135,21000,0,Arabica
Brazil,1970,11000,8890,16037,11000,0,Arabica
Brazil,1971,24600,8829,20043,24600,0,Arabica
Brazil,1972,24500,7000,19244,24500,0,Arabica
Brazil,1973,14300,7000,17637,14300,0,Arabica
Brazil,1974,27500,7500,13351,27500,0,Arabica
Brazil,1975,22800,8000,14051,23000,200,Arabica
Brazil,1976,9000,7500,17319,9300,300,Arabica
Brazil,1977,17100,7500,7500,17500,400,Arabica
Brazil,1978,19100,8000,13700,20000,900,Arabica
Brazil,1979,20900,8000,14000,22000,1100,Arabica
Brazil,1980,20250,7975,15750,21500,1250,Arabica
Brazil,1981,31500,8000,17729,33000,1500,Arabica
Brazil,1982,15750,7600,17071,17750,2000,Arabica
Brazil,1983,28000,8000,18896,30000,2000,Arabica
Brazil,1984,25000,9500,21640,27000,2000,Arabica
Brazil,1985,30600,8800,14470,33000,2400,Arabica
Brazil,1986,10400,8000,12722,13900,3500,Arabica
Brazil,1987,34300,8000,18825,38000,3700,Arabica
Brazil,1988,21300,8000,16739,25000,3700,Arabica
Brazil,1989,22500,8000,18330,26000,3500,Arabica
Brazil,1990,26500,9000,18840,31000,4500,Arabica
Brazil,1991,24000,9000,21871,28500,4500,Arabica
Brazil,1992,19200,8500,15896,24000,4800,Arabica
Brazil,1993,24000,9400,18422,28500,4500,Arabica
Brazil,1994,24500,9700,16878,28000,3500,Arabica
Brazil,1995,14000,10500,12330,16800,2800,Arabica
Brazil,1996,22700,11000,18885,28000,5300,Arabica
Brazil,1997,19200,11500,14850,23500,4300,Arabica
Brazil,1998,30600,12500,22908,35600,5000,Arabica
Brazil,1999,25800,12800,20164,30800,5000,Arabica
Brazil,2000,26600,13100,19676,34100,7500,Arabica
Brazil,2001,24400,13700,24795,35100,10700,Arabica
Brazil,2002,41600,13500,29396,53600,12000,Arabica
Brazil,2003,23600,14400,24920,33200,9600,Arabica
Brazil,2004,34300,15500,27920,43600,9300,Arabica
Brazil,2005,26000,15915,24543,36100,10100,Arabica
Brazil,2006,36000,16720,29260,46700,10700,Arabica
Brazil,2007,27650,17390,27290,39100,11450,Arabica
Brazil,2008,40500,18030,31475,53300,12800,Arabica
Brazil,2009,33000,18760,29780,44800,11800,Arabica
Brazil,2010,41800,19420,35010,54500,12700,Arabica
Brazil,2011,34700,20025,29843,49200,14500,Arabica
Brazil,2012,42100,20110,30660,57600,15500,Arabica
Brazil,2013,41800,20210,34146,57200,15400,Arabica
Brazil,2014,37300,20420,36573,54300,17000,Arabica
Brazil,2015,36100,20855,35543,49400,13300,Arabica
Brazil,2016,45600,21625,33081,56100,10500,Arabica
Brazil,2017,39500,22420,30454,52100,12600,Arabica
Brazil,2018,49700,23200,41426,66500,16800,Arabica
Brazil,2019,42000,22994,40256,60500,18500,Arabica
Brazil,2020,49700,22280,45675,69900,20200,Arabica
Brazil,2021,36400,22340,39685,58100,21700,Arabica
Brazil,2022,39800,22450,36145,62600,22800,Arabica
Brazil,2023,44900,22160,46750,66300,21400,Arabica
Brazil,2024,44000,21970,44750,65000,21000,Arabica
Brazil,2025,38000,22280,40750,63000,25000,Arabica
Colombia,1960,7260,1030,6043,7260,0,Arabica
Colombia,1961,7571,1062,5594,7571,0,Arabica
Colombia,1962,7180,1095,6056,7180,0,Arabica
Colombia,1963,7556,1129,6313,7556,0,Arabica
Colombia,1964,8428,1164,5743,8428,0,Arabica
Colombia,1965,8200,1200,6200,8200,0,Arabica
Colombia,1966,7600,1238,5934,7600,0,Arabica
Colombia,1967,8000,1279,6696,8000,0,Arabica
Colombia,1968,7900,1301,6634,7900,0,Arabica
Colombia,1969,8450,1300,7074,8450,0,Arabica
Colombia,1970,8000,1349,6531,8000,0,Arabica
Colombia,1971,7200,1360,6687,7200,0,Arabica
Colombia,1972,8600,1370,6505,8600,0,Arabica
Colombia,1973,7800,1440,7852,7800,0,Arabica
Colombia,1974,9000,1501,7759,9000,0,Arabica
Colombia,1975,8500,1400,7823,8500,0,Arabica
Colombia,1976,9300,1400,5792,9300,0,Arabica
Colombia,1977,11050,1550,8348,11050,0,Arabica
Colombia,1978,12600,1630,11832,12600,0,Arabica
Colombia,1979,12712,1750,11942,12712,0,Arabica
Colombia,1980,13500,1825,9231,13500,0,Arabica
Colombia,1981,14342,1850,9190,14342,0,Arabica
Colombia,1982,13300,1855,9374,13300,0,Arabica
Colombia,1983,13000,1860,9966,13000,0,Arabica
Colombia,1984,11000,1865,9848,11000,0,Arabica
Colombia,1985,12000,1870,11816,12000,0,Arabica
Colombia,1986,11000,2000,12037,11000,0,Arabica
Colombia,1987,13000,2020,9309,13000,0,Arabica
Colombia,1988,10700,1809,10274,10700,0,Arabica
Colombia,1989,13300,1762,13739,13300,0,Arabica
Colombia,1990,14500,1615,12212,14500,0,Arabica
Colombia,1991,17980,1400,15470,17980,0,Arabica
Colombia,1992,14950,1303,14536,14950,0,Arabica
Colombia,1993,11400,1700,12700,11400,0,Arabica
Colombia,1994,13000,1436,9315,13000,0,Arabica
Colombia,1995,12939,1500,10791,12939,0,Arabica
Colombia,1996,10779,1500,11187,10779,0,Arabica
Colombia,1997,12043,1560,10863,12043,0,Arabica
Colombia,1998,10868,1450,10304,10868,0,Arabica
Colombia,1999,9512,1530,9060,9512,0,Arabica
Colombia,2000,10500,1530,9460,10500,0,Arabica
Colombia,2001,11950,1590,10665,11950,0,Arabica
Colombia,2002,11712,1260,10478,11712,0,Arabica
Colombia,2003,11053,1335,10049,11053,0,Arabica
Colombia,2004,11532,1230,11405,11532,0,Arabica
Colombia,2005,11953,1302,10678,11953,0,Arabica
Colombia,2006,12164,1070,11155,12164,0,Arabica
Colombia,2007,12515,1110,11525,12515,0,Arabica
Colombia,2008,8664,1065,8935,8664,0,Arabica
Colombia,2009,8100,1180,7435,8100,0,Arabica
Colombia,2010,8525,1120,8385,8525,0,Arabica
Colombia,2011,7655,1260,7360,7655,0,Arabica
Colombia,2012,9927,1200,8855,9927,0,Arabica
Colombia,2013,12075,1300,11040,12075,0,Arabica
Colombia,2014,13300,1400,12420,13300,0,Arabica
Colombia,2015,14000,1415,12390,14000,0,Arabica
Colombia,2016,14600,1450,13755,14600,0,Arabica
Colombia,2017,13825,1650,12725,13825,0,Arabica
Colombia,2018,13870,1925,13615,13870,0,Arabica
Colombia,2019,14100,1775,13005,14100,0,Arabica
Colombia,2020,13400,2080,12755,13400,0,Arabica
Colombia,2021,11800,2145,12365,11800,0,Arabica
Colombia,2022,10700,2150,10610,10700,0,Arabica
Colombia,2023,12760,2225,11770,12760,0,Arabica
Colombia,2024,14800,2150,13380,14800,0,Arabica
Colombia,2025,13800,2270,12550,13800,0,Arabica
Ethiopia,1960,1687,750,921,1687,0,Arabica
Ethiopia,1961,2007,792,1035,2007,0,Arabica
Ethiopia,1962,2073,845,1142,2073,0,Arabica
Ethiopia,1963,2205,877,1261,2205,0,Arabica
Ethiopia,1964,2416,932,1244,2416,0,Arabica
Ethiopia,1965,2234,967,1076,2234,0,Arabica
Ethiopia,1966,2426,1005,1262,2426,0,Arabica
Ethiopia,1967,2153,1045,1298,2153,0,Arabica
Ethiopia,1968,1988,1080,1321,1988,0,Arabica
Ethiopia,1969,2991,1120,1341,2991,0,Arabica
Ethiopia,1970,2589,1170,1332,2589,0,Arabica
Ethiopia,1971,2290,1225,1426,2290,0,Arabica
Ethiopia,1972,2580,1270,1392,2580,0,Arabica
Ethiopia,1973,2187,1346,964,2187,0,Arabica
Ethiopia,1974,2488,1437,967,2488,0,Arabica
Ethiopia,1975,2611,1600,1196,2611,0,Arabica
Ethiopia,1976,2782,1733,716,2782,0,Arabica
Ethiopia,1977,3143,1789,1517,3143,0,Arabica
Ethiopia,1978,3142,1710,1480,3142,0,Arabica
Ethiopia,1979,3188,1633,1310,3188,0,Arabica
Ethiopia,1980,3264,1600,1425,3264,0,Arabica
Ethiopia,1981,3212,1616,1327,3212,0,Arabica
Ethiopia,1982,3350,1642,1513,3350,0,Arabica
Ethiopia,1983,3300,1572,1632,3300,0,Arabica
Ethiopia,1984,2587,1500,1150,2587,0,Arabica
Ethiopia,1985,2833,1540,1217,2833,0,Arabica
Ethiopia,1986,2700,1666,1223,2700,0,Arabica
Ethiopia,1987,3200,1477,1385,3200,0,Arabica
Ethiopia,1988,3400,1650,2000,3400,0,Arabica
Ethiopia,1989,3400,1600,1600,3400,0,Arabica
Ethiopia,1990,3500,1900,1400,3500,0,Arabica
Ethiopia,1991,3000,1600,2100,3000,0,Arabica
Ethiopia,1992,3500,1500,2200,3500,0,Arabica
Ethiopia,1993,3700,1500,2200,3700,0,Arabica
Ethiopia,1994,3800,1500,2100,3800,0,Arabica
Ethiopia,1995,3800,1500,2500,3800,0,Arabica
Ethiopia,1996,3800,1500,2700,3800,0,Arabica
Ethiopia,1997,3833,1583,2083,3833,0,Arabica
Ethiopia,1998,3867,1633,1750,3867,0,Arabica
Ethiopia,1999,3505,1633,2005,3505,0,Arabica
Ethiopia,2000,2768,1667,1418,2768,0,Arabica
Ethiopia,2001,3756,1833,1939,3756,0,Arabica
Ethiopia,2002,3693,1833,2277,3693,0,Arabica
Ethiopia,2003,3875,1800,2200,3875,0,Arabica
Ethiopia,2004,4068,1825,2250,4068,0,Arabica
Ethiopia,2005,4500,1826,2750,4500,0,Arabica
Ethiopia,2006,5000,2000,3000,5000,0,Arabica
Ethiopia,2007,5000,2300,2800,5000,0,Arabica
Ethiopia,2008,5500,2500,3000,5500,0,Arabica
Ethiopia,2009,6000,2800,3250,6000,0,Arabica
Ethiopia,2010,6125,2860,3235,6125,0,Arabica
Ethiopia,2011,6320,3050,3140,6320,0,Arabica
Ethiopia,2012,6500,3130,3500,6500,0,Arabica
Ethiopia,2013,6345,3120,3285,6345,0,Arabica
Ethiopia,2014,6475,2985,3500,6475,0,Arabica
Ethiopia,2015,6510,3110,3405,6510,0,Arabica
Ethiopia,2016,6943,3100,3853,6943,0,Arabica
Ethiopia,2017,7055,3150,3893,7055,0,Arabica
Ethiopia,2018,7350,3193,4174,7350,0,Arabica
Ethiopia,2019,7475,3140,4135,7475,0,Arabica
Ethiopia,2020,7600,3000,4675,7600,0,Arabica
Ethiopia,2021,8150,3364,4831,8150,0,Arabica
Ethiopia,2022,7300,3430,3910,7300,0,Arabica
Ethiopia,2023,9130,3500,5630,9130,0,Arabica
Ethiopia,2024,11100,3625,7445,11100,0,Arabica
Ethiopia,2025,11560,3700,7800,11560,0,Arabica
Indonesia,1960,125,689,641,1330,1202,Robusta
Indonesia,1961,131,706,1151,1857,1723,Robusta
Indonesia,1962,126,724,1035,1759,1630,Robusta
Indonesia,1963,155,742,1511,2253,2095,Robusta
Indonesia,1964,141,761,1222,1983,1839,Robusta
Indonesia,1965,153,781,1409,2190,2034,Robusta
Indonesia,1966,172,801,1646,2447,2272,Robusta
Indonesia,1967,207,823,2183,3006,2796,Robusta
Indonesia,1968,183,844,1514,2542,2356,Robusta
Indonesia,1969,186,866,1647,2626,2437,Robusta
Indonesia,1970,168,888,1193,2330,2159,Robusta
Indonesia,1971,174,910,1531,2298,2121,Robusta
Indonesia,1972,170,933,1465,2236,2063,Robusta
Indonesia,1973,191,985,1531,2609,2415,Robusta
Indonesia,1974,202,1010,1692,2652,2447,Robusta
Indonesia,1975,226,1026,2186,3049,2820,Robusta
Indonesia,1976,229,1000,2337,3384,3152,Robusta
Indonesia,1977,242,1025,2875,3911,3666,Robusta
Indonesia,1978,260,1050,3706,4788,4528,Robusta
Indonesia,1979,229,1080,3759,4803,4574,Robusta
Indonesia,1980,215,1228,3873,5365,5150,Robusta
Indonesia,1981,231,1155,3480,5785,5554,Robusta
Indonesia,1982,247,1114,3843,4750,4503,Robusta
Indonesia,1983,297,1140,4383,5515,5218,Robusta
Indonesia,1984,350,1010,4981,5600,5250,Robusta
Indonesia,1985,400,1000,4687,5800,5400,Robusta
Indonesia,1986,500,950,4919,5900,5400,Robusta
Indonesia,1987,405,1050,4442,5965,5560,Robusta
Indonesia,1988,410,1272,5199,6750,6340,Robusta
Indonesia,1989,415,1280,6436,7100,6685,Robusta
Indonesia,1990,435,1295,6920,7480,7045,Robusta
Indonesia,1991,435,1550,5600,7100,6665,Robusta
Indonesia,1992,450,1780,5150,7350,6900,Robusta
Indonesia,1993,490,1865,5358,7400,6910,Robusta
Indonesia,1994,430,1960,4446,6400,5970,Robusta
Indonesia,1995,375,2050,4289,5800,5425,Robusta
Indonesia,1996,550,2080,6401,7900,7350,Robusta
Indonesia,1997,450,1640,5040,7000,6550,Robusta
Indonesia,1998,485,1600,6038,6950,6465,Robusta
Indonesia,1999,460,1355,5657,6660,6200,Robusta
Indonesia,2000,455,1335,5536,6495,6040,Robusta
Indonesia,2001,495,1465,4729,6160,5665,Robusta
Indonesia,2002,550,1306,5646,6800,6250,Robusta
Indonesia,2003,650,1601,5808,7250,6600,Robusta
Indonesia,2004,950,1730,6760,8450,7500,Robusta
Indonesia,2005,1050,1695,8060,9450,8400,Robusta
Indonesia,2006,900,1790,6490,7500,6600,Robusta
Indonesia,2007,800,1720,6360,8000,7200,Robusta
Indonesia,2008,1300,1890,7700,10000,8700,Robusta
Indonesia,2009,1500,1925,8750,10500,9000,Robusta
Indonesia,2010,1375,1650,9730,9325,7950,Robusta
Indonesia,2011,1300,2125,7145,7970,6670,Robusta
Indonesia,2012,2000,2815,10325,11900,9900,Robusta
Indonesia,2013,1900,2540,10380,11900,10000,Robusta
Indonesia,2014,1270,2900,8720,10470,9200,Robusta
Indonesia,2015,1500,3175,9896,12100,10600,Robusta
Indonesia,2016,1300,3203,8174,10600,9300,Robusta
Indonesia,2017,1000,3560,8010,10400,9400,Robusta
Indonesia,2018,1200,4300,6150,10600,9400,Robusta
Indonesia,2019,1250,4900,7152,10700,9450,Robusta
Indonesia,2020,1300,4450,7872,10700,9400,Robusta
Indonesia,2021,1280,4750,7428,10580,9300,Robusta
Indonesia,2022,1200,4771,7832,10700,9500,Robusta
Indonesia,2023,1350,4775,5355,8150,6800,Robusta
Indonesia,2024,1400,4873,7285,10700,9300,Robusta
Indonesia,2025,1450,4810,8870,12450,11000,Robusta
Vietnam,1960,3,36,40,76,50,Robusta
Vietnam,1961,2,36,30,66,44,Robusta
Vietnam,1962,2,36,30,66,44,Robusta
Vietnam,1963,2,35,25,60,40,Robusta
Vietnam,1964,2,36,30,66,44,Robusta
Vietnam,1965,3,36,40,76,50,Robusta
Vietnam,1966,3,36,50,86,57,Robusta
Vietnam,1967,2,36,30,66,44,Robusta
Vietnam,1968,2,36,30,66,44,Robusta
Vietnam,1969,2,36,30,66,44,Robusta
Vietnam,1970,2,31,25,56,37,Robusta
Vietnam,1971,2,31,20,51,34,Robusta
Vietnam,1972,2,31,25,56,37,Robusta
Vietnam,1973,2,31,25,56,37,Robusta
Vietnam,1974,2,30,30,60,40,Robusta
Vietnam,1975,0,24,30,54,54,Robusta
Vietnam,1976,0,30,63,93,93,Robusta
Vietnam,1977,0,35,56,91,91,Robusta
Vietnam,1978,0,35,49,84,84,Robusta
Vietnam,1979,0,35,105,140,140,Robusta
Vietnam,1980,0,35,42,77,77,Robusta
Vietnam,1981,0,8,69,77,77,Robusta
Vietnam,1982,0,6,77,83,83,Robusta
Vietnam,1983,0,3,66,69,69,Robusta
Vietnam,1984,0,5,157,206,206,Robusta
Vietnam,1985,0,5,363,314,314,Robusta
Vietnam,1986,0,21,433,454,454,Robusta
Vietnam,1987,0,12,567,579,579,Robusta
Vietnam,1988,0,35,800,922,922,Robusta
Vietnam,1989,0,95,932,985,985,Robusta
Vietnam,1990,0,100,1042,1200,1200,Robusta
Vietnam,1991,0,250,1333,1980,1980,Robusta
Vietnam,1992,0,250,2175,2250,2250,Robusta
Vietnam,1993,0,267,2639,2500,2500,Robusta
Vietnam,1994,0,167,3200,3500,3500,Robusta
Vietnam,1995,17,217,3679,3917,3900,Robusta
Vietnam,1996,50,287,5422,5750,5700,Robusta
Vietnam,1997,67,283,6500,7000,6933,Robusta
Vietnam,1998,67,300,6667,7500,7433,Robusta
Vietnam,1999,90,350,11433,11010,10920,Robusta
Vietnam,2000,117,417,14667,15333,15216,Robusta
Vietnam,2001,166,500,12000,12833,12667,Robusta
Vietnam,2002,250,500,11176,11167,10917,Robusta
Vietnam,2003,266,550,14075,15000,14734,Robusta
Vietnam,2004,383,610,14400,14500,14117,Robusta
Vietnam,2005,335,665,15748,16335,16000,Robusta
Vietnam,2006,500,750,18840,19500,19000,Robusta
Vietnam,2007,400,850,15735,18000,17600,Robusta
Vietnam,2008,480,950,15565,16980,16500,Robusta
Vietnam,2009,450,1200,18670,18500,18050,Robusta
Vietnam,2010,650,1337,18640,19415,18765,Robusta
Vietnam,2011,800,1665,24495,26000,25200,Robusta
Vietnam,2012,900,1825,24643,26500,25600,Robusta
Vietnam,2013,1175,2008,28289,29833,28658,Robusta
Vietnam,2014,1050,2217,21567,27400,26350,Robusta
Vietnam,2015,1100,2630,29065,28930,27830,Robusta
Vietnam,2016,1100,2770,26450,26700,25600,Robusta
Vietnam,2017,1026,2880,29907,29300,28274,Robusta
Vietnam,2018,1064,2940,28318,30400,29336,Robusta
Vietnam,2019,1100,3100,27326,31300,30200,Robusta
Vietnam,2020,950,2720,25300,29000,28050,Robusta
Vietnam,2021,1100,3200,29010,31580,30480,Robusta
Vietnam,2022,1000,3200,28340,28300,27300,Robusta
Vietnam,2023,1000,3900,24400,27550,26550,Robusta
Vietnam,2024,1000,4800,25200,29000,28000,Robusta
Vietnam,2025,1200,4900,27900,30800,29600,Robusta
