region,year,avg_tmax,avg_tmin,avg_temp,temp_status,deviation
Minas Gerais,1960,28.74,16.69,22.71,heat stress,1.71
Minas Gerais,1961,27.35,15.84,21.6,heat stress,0.6
Minas Gerais,1962,29.28,16.13,22.71,heat stress,1.71
Minas Gerais,1963,26.94,16.11,21.52,heat stress,0.52
Minas Gerais,1964,27.74,16.67,22.2,heat stress,1.2
Minas Gerais,1965,28.0,16.48,22.24,heat stress,1.24
Minas Gerais,1966,28.12,16.6,22.36,heat stress,1.36
Minas Gerais,1967,27.26,15.41,21.33,heat stress,0.33
Minas Gerais,1968,28.32,16.63,22.48,heat stress,1.48
Minas Gerais,1969,28.01,16.51,22.26,heat stress,1.26
Minas Gerais,1970,27.93,16.37,22.15,heat stress,1.15
Minas Gerais,1971,28.15,16.74,22.44,heat stress,1.44
Minas Gerais,1972,27.71,17.59,22.65,heat stress,1.65
Minas Gerais,1973,27.35,16.9,22.13,heat stress,1.13
Minas Gerais,1974,27.93,16.36,22.14,heat stress,1.14
Minas Gerais,1975,27.68,16.69,22.18,heat stress,1.18
Minas Gerais,1976,27.83,17.24,22.53,heat stress,1.53
Minas Gerais,1977,27.52,16.42,21.97,heat stress,0.97
Minas Gerais,1978,27.43,16.5,21.96,heat stress,0.96
Minas Gerais,1979,28.1,16.93,22.52,heat stress,1.52
Minas Gerais,1980,27.56,16.38,21.97,heat stress,0.97
Minas Gerais,1981,27.71,16.75,22.23,heat stress,1.23
Minas Gerais,1982,27.6,17.18,22.39,heat stress,1.39
Minas Gerais,1983,28.83,16.9,22.86,heat stress,1.86
Minas Gerais,1984,28.19,16.61,22.4,heat stress,1.4
Minas Gerais,1985,28.51,16.71,22.61,heat stress,1.61
Minas Gerais,1986,28.8,17.33,23.06,heat stress,2.06
Minas Gerais,1987,28.26,16.91,22.58,heat stress,1.58
Minas Gerais,1988,28.1,16.89,22.5,heat stress,1.5
Minas Gerais,1989,28.98,17.37,23.18,heat stress,2.18
Minas Gerais,1990,28.15,17.15,22.65,heat stress,1.65
Minas Gerais,1991,27.67,17.07,22.37,heat stress,1.37
Minas Gerais,1992,28.97,17.02,22.99,heat stress,1.99
Minas Gerais,1993,28.91,17.06,22.98,heat stress,1.98
Minas Gerais,1994,29.06,17.44,23.25,heat stress,2.25
Minas Gerais,1995,28.86,17.17,23.02,heat stress,2.02
Minas Gerais,1996,28.98,17.12,23.05,heat stress,2.05
Minas Gerais,1997,29.4,17.9,23.65,heat stress,2.65
Minas Gerais,1998,28.78,17.05,22.92,heat stress,1.92
Minas Gerais,1999,28.71,17.32,23.01,heat stress,2.01
Minas Gerais,2000,29.25,17.52,23.39,heat stress,2.39
Minas Gerais,2001,29.55,17.91,23.73,heat stress,2.73
Minas Gerais,2002,29.26,17.56,23.41,heat stress,2.41
Minas Gerais,2003,28.32,17.35,22.83,heat stress,1.83
Minas Gerais,2004,28.67,17.76,23.22,heat stress,2.22
Minas Gerais,2005,28.58,17.41,22.99,heat stress,1.99
Minas Gerais,2006,29.17,17.31,23.24,heat stress,2.24
Minas Gerais,2007,28.5,17.14,22.82,heat stress,1.82
Minas Gerais,2008,28.79,17.87,23.33,heat stress,2.33
Minas Gerais,2009,29.07,17.27,23.17,heat stress,2.17
Minas Gerais,2010,28.44,17.02,22.73,heat stress,1.73
Minas Gerais,2011,29.01,17.42,23.22,heat stress,2.22
Minas Gerais,2012,28.56,17.5,23.03,heat stress,2.03
Minas Gerais,2013,29.22,17.29,23.26,heat stress,2.26
Minas Gerais,2014,29.73,18.09,23.91,heat stress,2.91
Minas Gerais,2015,29.45,17.73,23.59,heat stress,2.59
Minas Gerais,2016,28.96,17.37,23.16,heat stress,2.16
Minas Gerais,2017,28.9,17.56,23.23,heat stress,2.23
Minas Gerais,2018,29.79,17.89,23.84,heat stress,2.84
Minas Gerais,2019,28.89,17.46,23.18,heat stress,2.18
Minas Gerais,2020,28.78,17.06,22.92,heat stress,1.92
Minas Gerais,2021,28.74,17.1,22.92,heat stress,1.92
Minas Gerais,2022,29.79,17.95,23.87,heat stress,2.87
Minas Gerais,2023,29.97,18.11,24.04,at risk,3.04
Minas Gerais,2024,29.28,17.47,23.37,heat stress,2.37
Espirito Santo,1960,29.39,19.53,24.46,at risk,3.46
Espirito Santo,1961,28.54,19.59,24.06,at risk,3.06
Espirito Santo,1962,29.73,19.51,24.62,at risk,3.62
Espirito Santo,1963,27.96,19.09,23.52,heat stress,2.52
Espirito Santo,1964,29.5,19.76,24.63,at risk,3.63
Espirito Santo,1965,29.54,19.88,24.71,at risk,3.71
Espirito Santo,1966,29.64,19.99,24.81,at risk,3.81
Espirito Santo,1967,28.03,18.61,23.32,heat stress,2.32
Espirito Santo,1968,29.67,20.05,24.86,at risk,3.86
Espirito Santo,1969,28.97,18.86,23.92,heat stress,2.92
Espirito Santo,1970,29.08,18.88,23.98,heat stress,2.98
Espirito Santo,1971,29.87,19.72,24.8,at risk,3.8
Espirito Santo,1972,28.31,20.18,24.24,at risk,3.24
Espirito Santo,1973,28.47,18.9,23.68,heat stress,2.68
Espirito Santo,1974,28.66,18.34,23.5,heat stress,2.5
Espirito Santo,1975,28.75,18.89,23.82,heat stress,2.82
Espirito Santo,1976,28.5,18.73,23.62,heat stress,2.62
Espirito Santo,1977,28.08,18.37,23.23,heat stress,2.23
Espirito Santo,1978,28.01,18.21,23.11,heat stress,2.11
Espirito Santo,1979,28.73,18.44,23.59,heat stress,2.59
Espirito Santo,1980,28.01,17.99,23.0,heat stress,2.0
Espirito Santo,1981,28.43,18.11,23.27,heat stress,2.27
Espirito Santo,1982,29.17,18.76,23.96,heat stress,2.96
Espirito Santo,1983,29.59,17.72,23.66,heat stress,2.66
Espirito Santo,1984,29.32,18.51,23.92,heat stress,2.92
Espirito Santo,1985,29.56,18.7,24.13,at risk,3.13
Espirito Santo,1986,29.86,18.48,24.17,at risk,3.17
Espirito Santo,1987,28.82,18.09,23.46,heat stress,2.46
Espirito Santo,1988,29.08,18.26,23.67,heat stress,2.67
Espirito Santo,1989,29.9,18.96,24.43,at risk,3.43
Espirito Santo,1990,28.54,18.84,23.69,heat stress,2.69
Espirito Santo,1991,28.26,18.54,23.4,heat stress,2.4
Espirito Santo,1992,30.13,18.88,24.51,at risk,3.51
Espirito Santo,1993,29.4,18.62,24.01,at risk,3.01
Espirito Santo,1994,30.07,19.05,24.56,at risk,3.56
Espirito Santo,1995,29.68,18.56,24.12,at risk,3.12
Espirito Santo,1996,30.06,18.59,24.33,at risk,3.33
Espirito Santo,1997,30.24,19.22,24.73,at risk,3.73
Espirito Santo,1998,29.16,18.15,23.65,heat stress,2.65
Espirito Santo,1999,28.98,18.69,23.83,heat stress,2.83
Espirito Santo,2000,29.94,19.15,24.55,at risk,3.55
Espirito Santo,2001,29.75,19.19,24.47,at risk,3.47
Espirito Santo,2002,30.17,18.99,24.58,at risk,3.58
Espirito Santo,2003,28.67,18.9,23.78,heat stress,2.78
Espirito Santo,2004,29.07,19.36,24.21,at risk,3.21
Espirito Santo,2005,29.35,19.28,24.32,at risk,3.32
Espirito Santo,2006,29.84,19.18,24.51,at risk,3.51
Espirito Santo,2007,29.28,19.18,24.23,at risk,3.23
Espirito Santo,2008,29.75,19.96,24.85,at risk,3.85
Espirito Santo,2009,29.66,19.51,24.58,at risk,3.58
Espirito Santo,2010,28.77,19.05,23.91,heat stress,2.91
Espirito Santo,2011,29.49,19.41,24.45,at risk,3.45
Espirito Santo,2012,29.18,19.47,24.32,at risk,3.32
Espirito Santo,2013,29.26,19.15,24.21,at risk,3.21
Espirito Santo,2014,30.45,19.98,25.22,at risk,4.22
Espirito Santo,2015,29.93,19.85,24.89,at risk,3.89
Espirito Santo,2016,28.7,18.84,23.77,heat stress,2.77
Espirito Santo,2017,29.17,19.39,24.28,at risk,3.28
Espirito Santo,2018,30.25,19.63,24.94,at risk,3.94
Espirito Santo,2019,29.34,19.52,24.43,at risk,3.43
Espirito Santo,2020,29.09,18.87,23.98,heat stress,2.98
Espirito Santo,2021,29.26,18.71,23.98,heat stress,2.98
Espirito Santo,2022,30.05,19.57,24.81,at risk,3.81
Espirito Santo,2023,30.38,20.02,25.2,at risk,4.2
Espirito Santo,2024,29.23,19.1,24.16,at risk,3.16
Sao Paulo,1960,27.88,15.53,21.7,heat stress,0.7
Sao Paulo,1961,26.42,14.33,20.38,ideal,0.0
Sao Paulo,1962,28.52,15.0,21.76,heat stress,0.76
Sao Paulo,1963,26.35,14.87,20.61,ideal,0.0
Sao Paulo,1964,26.86,15.5,21.18,heat stress,0.18
Sao Paulo,1965,27.39,15.29,21.34,heat stress,0.34
Sao Paulo,1966,27.53,15.43,21.48,heat stress,0.48
Sao Paulo,1967,26.9,14.06,20.48,ideal,0.0
Sao Paulo,1968,27.59,15.33,21.46,heat stress,0.46
Sao Paulo,1969,27.03,15.17,21.1,heat stress,0.1
Sao Paulo,1970,26.87,14.77,20.82,ideal,0.0
Sao Paulo,1971,27.06,15.46,21.26,heat stress,0.26
Sao Paulo,1972,26.97,16.26,21.61,heat stress,0.61
Sao Paulo,1973,26.5,15.43,20.97,ideal,0.0
Sao Paulo,1974,27.11,15.27,21.19,heat stress,0.19
Sao Paulo,1975,26.05,15.1,20.58,ideal,0.0
Sao Paulo,1976,26.9,15.92,21.41,heat stress,0.41
Sao Paulo,1977,26.8,14.96,20.88,ideal,0.0
Sao Paulo,1978,26.34,15.19,20.76,ideal,0.0
Sao Paulo,1979,26.99,15.66,21.32,heat stress,0.32
Sao Paulo,1980,26.82,15.27,21.05,heat stress,0.05
Sao Paulo,1981,26.34,15.57,20.95,ideal,0.0
Sao Paulo,1982,26.24,15.98,21.11,heat stress,0.11
Sao Paulo,1983,27.43,15.9,21.66,heat stress,0.66
Sao Paulo,1984,27.34,15.41,21.38,heat stress,0.38
Sao Paulo,1985,27.04,15.84,21.44,heat stress,0.44
Sao Paulo,1986,27.06,15.84,21.45,heat stress,0.45
Sao Paulo,1987,26.82,15.5,21.16,heat stress,0.16
Sao Paulo,1988,26.39,15.32,20.86,ideal,0.0
Sao Paulo,1989,27.06,15.59,21.32,heat stress,0.32
Sao Paulo,1990,26.9,15.62,21.26,heat stress,0.26
Sao Paulo,1991,26.51,15.64,21.08,heat stress,0.08
Sao Paulo,1992,27.4,15.59,21.49,heat stress,0.49
Sao Paulo,1993,27.97,15.79,21.88,heat stress,0.88
Sao Paulo,1994,27.83,15.95,21.89,heat stress,0.89
Sao Paulo,1995,27.23,15.63,21.43,heat stress,0.43
Sao Paulo,1996,27.81,15.67,21.74,heat stress,0.74
Sao Paulo,1997,27.72,16.24,21.98,heat stress,0.98
Sao Paulo,1998,27.68,15.45,21.57,heat stress,0.57
Sao Paulo,1999,27.51,15.96,21.73,heat stress,0.73
Sao Paulo,2000,27.95,16.25,22.1,heat stress,1.1
Sao Paulo,2001,28.54,16.6,22.57,heat stress,1.57
Sao Paulo,2002,27.79,16.01,21.9,heat stress,0.9
Sao Paulo,2003,27.02,15.75,21.38,heat stress,0.38
Sao Paulo,2004,27.48,16.21,21.85,heat stress,0.85
Sao Paulo,2005,27.6,16.03,21.82,heat stress,0.82
Sao Paulo,2006,28.02,16.05,22.03,heat stress,1.03
Sao Paulo,2007,27.18,15.68,21.43,heat stress,0.43
Sao Paulo,2008,27.28,16.45,21.87,heat stress,0.87
Sao Paulo,2009,27.72,15.69,21.71,heat stress,0.71
Sao Paulo,2010,27.39,15.55,21.47,heat stress,0.47
Sao Paulo,2011,27.85,16.02,21.94,heat stress,0.94
Sao Paulo,2012,27.13,15.78,21.46,heat stress,0.46
Sao Paulo,2013,28.34,16.07,22.2,heat stress,1.2
Sao Paulo,2014,28.19,16.8,22.49,heat stress,1.49
Sao Paulo,2015,28.04,15.99,22.01,heat stress,1.01
Sao Paulo,2016,27.96,16.32,22.14,heat stress,1.14
Sao Paulo,2017,27.94,16.38,22.16,heat stress,1.16
Sao Paulo,2018,28.71,16.83,22.77,heat stress,1.77
Sao Paulo,2019,28.37,16.11,22.24,heat stress,1.24
Sao Paulo,2020,28.15,15.72,21.94,heat stress,0.94
Sao Paulo,2021,27.41,15.78,21.6,heat stress,0.6
Sao Paulo,2022,28.75,16.97,22.86,heat stress,1.86
Sao Paulo,2023,29.51,17.28,23.39,heat stress,2.39
Sao Paulo,2024,28.32,16.33,22.33,heat stress,1.33
Bahia,1960,30.22,18.72,24.47,at risk,3.47
Bahia,1961,30.07,19.12,24.6,at risk,3.6
Bahia,1962,29.81,18.72,24.26,at risk,3.26
Bahia,1963,28.95,19.0,23.97,heat stress,2.97
Bahia,1964,30.15,19.27,24.71,at risk,3.71
Bahia,1965,29.27,19.26,24.26,at risk,3.26
Bahia,1966,29.48,19.23,24.36,at risk,3.36
Bahia,1967,28.67,18.9,23.79,heat stress,2.79
Bahia,1968,29.47,19.53,24.5,at risk,3.5
Bahia,1969,29.53,19.48,24.51,at risk,3.51
Bahia,1970,32.38,21.58,26.98,at risk,5.98
Bahia,1971,32.23,23.29,27.76,danger,6.76
Bahia,1972,28.74,21.08,24.91,at risk,3.91
Bahia,1973,27.82,19.97,23.9,heat stress,2.9
Bahia,1974,29.53,19.54,24.53,at risk,3.53
Bahia,1975,29.81,19.39,24.6,at risk,3.6
Bahia,1976,29.25,19.6,24.42,at risk,3.42
Bahia,1977,28.76,19.2,23.98,heat stress,2.98
Bahia,1978,29.38,19.37,24.38,at risk,3.38
Bahia,1979,29.61,19.47,24.54,at risk,3.54
Bahia,1980,29.32,19.26,24.29,at risk,3.29
Bahia,1981,30.12,19.83,24.98,at risk,3.98
Bahia,1982,30.5,19.95,25.22,at risk,4.22
Bahia,1983,30.55,20.02,25.29,at risk,4.29
Bahia,1984,29.17,19.57,24.37,at risk,3.37
Bahia,1985,29.83,19.47,24.65,at risk,3.65
Bahia,1986,30.92,20.21,25.56,at risk,4.56
Bahia,1987,30.0,19.9,24.95,at risk,3.95
Bahia,1988,29.92,19.97,24.95,at risk,3.95
Bahia,1989,30.31,19.75,25.03,at risk,4.03
Bahia,1990,29.91,19.39,24.65,at risk,3.65
Bahia,1991,29.57,19.45,24.51,at risk,3.51
Bahia,1992,30.88,19.8,25.34,at risk,4.34
Bahia,1993,30.45,19.69,25.07,at risk,4.07
Bahia,1994,30.77,19.98,25.37,at risk,4.37
Bahia,1995,30.67,19.99,25.33,at risk,4.33
Bahia,1996,30.21,19.83,25.02,at risk,4.02
Bahia,1997,31.59,20.68,26.14,at risk,5.14
Bahia,1998,30.05,19.84,24.94,at risk,3.94
Bahia,1999,30.04,19.9,24.97,at risk,3.97
Bahia,2000,30.68,20.05,25.37,at risk,4.37
Bahia,2001,30.8,19.93,25.36,at risk,4.36
Bahia,2002,30.9,20.22,25.56,at risk,4.56
Bahia,2003,30.19,19.81,25.0,at risk,4.0
Bahia,2004,30.28,20.22,25.25,at risk,4.25
Bahia,2005,30.23,20.01,25.12,at risk,4.12
Bahia,2006,30.62,19.46,25.04,at risk,4.04
Bahia,2007,30.5,19.48,24.99,at risk,3.99
Bahia,2008,30.89,20.34,25.62,at risk,4.62
Bahia,2009,31.03,20.21,25.62,at risk,4.62
Bahia,2010,30.51,19.61,25.06,at risk,4.06
Bahia,2011,31.49,19.9,25.69,at risk,4.69
Bahia,2012,31.27,20.41,25.84,at risk,4.84
Bahia,2013,30.88,19.88,25.38,at risk,4.38
Bahia,2014,32.06,20.36,26.21,at risk,5.21
Bahia,2015,31.95,20.47,26.21,at risk,5.21
Bahia,2016,31.4,20.21,25.8,at risk,4.8
Bahia,2017,31.47,20.18,25.83,at risk,4.83
Bahia,2018,32.23,20.59,26.41,at risk,5.41
Bahia,2019,30.92,20.46,25.69,at risk,4.69
Bahia,2020,31.17,20.22,25.69,at risk,4.69
Bahia,2021,30.83,19.65,25.24,at risk,4.24
Bahia,2022,32.24,20.56,26.4,at risk,5.4
Bahia,2023,31.73,20.56,26.14,at risk,5.14
Bahia,2024,31.44,19.99,25.72,at risk,4.72
Rondonia,1960,32.89,20.33,26.61,at risk,5.61
Rondonia,1961,32.86,20.3,26.58,at risk,5.58
Rondonia,1962,33.45,20.43,26.94,at risk,5.94
Rondonia,1963,32.66,20.36,26.51,at risk,5.51
Rondonia,1964,33.0,20.26,26.63,at risk,5.63
Rondonia,1965,33.28,19.68,26.48,at risk,5.48
Rondonia,1966,34.05,19.8,26.93,at risk,5.93
Rondonia,1967,31.82,20.96,26.39,at risk,5.39
Rondonia,1968,33.45,22.22,27.83,danger,6.83
Rondonia,1969,34.07,21.96,28.01,danger,7.01
Rondonia,1970,32.82,21.58,27.2,danger,6.2
Rondonia,1971,32.2,21.08,26.64,at risk,5.64
Rondonia,1972,32.12,21.08,26.6,at risk,5.6
Rondonia,1973,31.89,20.17,26.03,at risk,5.03
Rondonia,1974,31.29,20.94,26.11,at risk,5.11
Rondonia,1975,31.03,20.85,25.94,at risk,4.94
Rondonia,1976,31.23,21.12,26.18,at risk,5.18
Rondonia,1977,31.17,20.7,25.93,at risk,4.93
Rondonia,1978,31.76,20.31,26.03,at risk,5.03
Rondonia,1979,31.36,20.9,26.13,at risk,5.13
Rondonia,1980,31.42,21.0,26.21,at risk,5.21
Rondonia,1981,31.23,21.05,26.14,at risk,5.14
Rondonia,1982,31.89,20.53,26.21,at risk,5.21
Rondonia,1983,,,,danger,0.0
Rondonia,1984,30.9,22.01,26.45,at risk,5.45
Rondonia,1985,31.09,20.79,25.94,at risk,4.94
Rondonia,1986,31.74,21.63,26.69,at risk,5.69
Rondonia,1987,31.39,21.68,26.54,at risk,5.54
Rondonia,1988,30.81,21.75,26.28,at risk,5.28
Rondonia,1989,31.3,21.71,26.51,at risk,5.51
Rondonia,1990,31.43,21.66,26.55,at risk,5.55
Rondonia,1991,31.23,21.61,26.42,at risk,5.42
Rondonia,1992,31.39,20.72,26.06,at risk,5.06
Rondonia,1993,32.04,21.73,26.89,at risk,5.89
Rondonia,1994,32.07,21.58,26.83,at risk,5.83
Rondonia,1995,31.25,21.91,26.58,at risk,5.58
Rondonia,1996,31.97,21.74,26.86,at risk,5.86
Rondonia,1997,33.11,22.35,27.73,danger,6.73
Rondonia,1998,32.03,21.41,26.72,at risk,5.72
Rondonia,1999,31.95,21.45,26.7,at risk,5.7
Rondonia,2000,31.78,21.7,26.74,at risk,5.74
Rondonia,2001,32.52,22.24,27.38,danger,6.38
Rondonia,2002,32.24,21.89,27.07,danger,6.07
Rondonia,2003,32.29,21.98,27.13,danger,6.13
Rondonia,2004,32.85,21.93,27.39,danger,6.39
Rondonia,2005,32.44,21.93,27.18,danger,6.18
Rondonia,2006,31.89,19.54,25.71,at risk,4.71
Rondonia,2007,31.67,20.13,25.9,at risk,4.9
Rondonia,2008,31.21,20.86,26.03,at risk,5.03
Rondonia,2009,31.67,20.3,25.99,at risk,4.99
Rondonia,2010,31.24,20.59,25.91,at risk,4.91
Rondonia,2011,31.52,20.51,26.02,at risk,5.02
Rondonia,2012,31.06,20.71,25.89,at risk,4.89
Rondonia,2013,31.3,20.99,26.14,at risk,5.14
Rondonia,2014,32.04,21.64,26.84,at risk,5.84
Rondonia,2015,31.94,20.88,26.41,at risk,5.41
Rondonia,2016,31.48,21.1,26.29,at risk,5.29
Rondonia,2017,31.01,20.79,25.9,at risk,4.9
Rondonia,2018,31.98,21.56,26.77,at risk,5.77
Rondonia,2019,31.9,21.17,26.53,at risk,5.53
Rondonia,2020,31.09,21.38,26.23,at risk,5.23
Rondonia,2021,31.66,20.49,26.08,at risk,5.08
Rondonia,2022,32.82,21.43,27.12,danger,6.12
Rondonia,2023,32.72,21.67,27.2,danger,6.2
Rondonia,2024,32.11,22.56,27.33,danger,6.33
